Ski Area,State,Website,Year Opened,googID,lat,long
Howelsen Hill Ski Area,CO,www.steamboatsprings.net/ski,1915,ChIJGwfzb9poQocRRNTYJ6SomdE,40.48337,-106.83797
Eaglebrook School,MA,www.eaglebrook.org,1922,ChIJ59l4Fr4u4YkRyBwdpk6HqjU,42.54247,-72.59197
Storrs Hill Ski Area,NH,www.skistorrshill.com,1923,ChIJVTFfx8G0tEwRpVnp56Oq580,43.63523,-72.25217
Mountain High Resort,CA,www.mthigh.com,1924,ChIJuYkflAIXw4ARtZZKjvDriq8,34.37694,-117.69152
Cooper Spur Mountain Resort,OR,www.cooperspur.com,1927,ChIJH_7rpUMCvlQRpai4VheUt9U,45.4256,-121.59094
Granlibakken Tahoe Ski Area,CA,www.granlibakken.com,1927,ChIJxw5jo4h9mYARtMf2dzs3wzA,39.15402,-120.15479
Mt. Hood Skibowl,OR,www.skibowl.com,1927,ChIJpRYu5AIKlVQRaY0iIKP8Mck,45.30191,-121.7733
Timberline Summit Pass,OR,timberlinelodge.com,1927,ChIJC8vwHtoYvlQRw9bS9BNZO9M,45.30291,-121.74583
Bousquet Ski Area,MA,www.bousquetmountain.com,1932,ChIJy9uvw-RP54kRR078zPCEiOA,42.41909,-73.2766
Seven Springs Mountain Resort,PA,www.7springs.com,1932,ChIJ5TWavXrRyokRYU4ZPmTwTeY,40.02298,-79.2977
Mont Ripley Ski Area,MI,www.skimontripley.com,1933,ChIJy7k7fBy2UE0RxBsadCxCyNs,47.12793,-88.56005
Wildcat Mountain,NH,www.skiwildcat.com,1933,ChIJS9fDOLSRs0wRodfw8ZSLNtc,44.26407,-71.2393
Gore Mountain,NY,www.goremountain.com,1934,ChIJMf0WU1aQ34kRp5CxUJqMwRg,43.67328,-74.00685
Pico Mountain,VT,www.picomountain.com,1934,ChIJmXjgcv4r4IkRlJDZZpQooHE,43.66179,-72.84266
Stowe Mountain Resort,VT,www.stowe.com,1934,ChIJFeqqj3uRtUwRPXs9Bh-_-6I,44.52745,-72.78392
Black Mountain Ski Area,NH,www.blackmt.com,1935,ChIJt1xoXDGYs0wRbY5e3LhPUXw,44.16668,-71.16378
"DNC Parks & Resorts at Yosemite, Inc.",CA,www.yosemitepark.com,1935,ChIJ1YjKxEPyloARSsQ3cSf_t6U,37.66227,-119.66337
Heiliger Huegel Ski Club,WI,www.hhskiclub.com,1935,ChIJe8S7Z-5RBIgRJDYjLP6PZUc,43.25212,-88.31113
Lookout Pass Ski & Recreation Area,ID,www.skilookout.com,1935,ChIJ96mFVLT2YFMR57J2rb8ckeI,47.45602,-115.69725
Soda Springs Ski Area,CA,www.skisodasprings.com,1935,ChIJn-5h6FDom4ARA6cDqdK8EEY,39.3214,-120.38
Brighton Ski Resort,UT,www.brightonresort.com,1936,ChIJI5d9nndxUocRgGEm71g1iO8,40.59845,-111.58385
Bromley Mountain Resort,VT,www.bromley.com,1936,ChIJBe6QUJ1a4IkR1iZx7WRuPzs,43.21316,-72.9351
Middlebury College Snow Bowl,VT,www.middleburysnowbowl.com,1936,ChIJn_bxwNY4tUwRD2nl9lDAoKU,43.93919,-72.95759
Mount Peter,NY,www.mtpeter.com,1936,ChIJCeIb_Lomw4kRlmyQeeYlp4E,41.2478,-74.29519
Showdown Montana,MT,www.showdownmontana.com,1936,ChIJB2AYe-vxQ1MR3yi8a_6ffls,46.83836,-110.70048
Sleeping Giant Ski Area,WY,www.skisg.com,1936,ChIJQwiZyvR0TlMRbYu6eWcRDsE,44.49292,-109.93944
Sun Valley Resort,ID,www.sunvalley.com,1936,ChIJJ91KWyydqVQR6NMN7dYN5pk,43.69488,-114.35432
Terry Peak Ski Area,SD,www.terrypeak.com,1936,ChIJE26Q0lSkMlMRVFDCeeyZSBY,44.33459,-103.84033
Caberfae Peaks,MI,www.caberfaepeaks.com,1937,ChIJ11Gjn3_5HogRXJTcTihk80M,44.24471,-85.72057
Cranmore Mountain Resort,NH,www.cranmore.com,1937,ChIJfdx4rx-hs0wRkLpYmf0H7VI,44.05648,-71.11012
Donner Ski Ranch,CA,www.donnerskiranch.com,1937,ChIJm8gDU2jom4AReI3ERfRBTQ8,39.31816,-120.33014
Granite Peak at Rib Mountain State Park,WI,www.skigranitepeak.com,1937,ChIJ4Uvtm_QhAIgR55picTcTV5o,44.92924,-89.68316
Gunstock Mountain Resort,NH,www.gunstock.com,1937,ChIJueRrN70xs0wR4R0BUzWT65U,43.54106,-71.36288
Loveland Ski Area,CO,www.skiloveland.com,1937,ChIJDW4E2OtRaocR6Ny-eVsZRyY,39.68006,-105.89795
Mt. Zion,MI,www.gogebic.edu/why-gcc/mt-zion.php,1937,ChIJYZMQWjQoAxURs1W3KHSyWpc,46.47432,-90.16355
Payette Lakes Ski Club,ID,www.littleskihill.org,1937,ChIJPQvCHGhhplQRwL3zcGJYHm8,44.92999,-116.16308
Sandia Peak Ski Area,NM,www.sandiapeak.com,1937,ChIJo6jS8miZGIcR2lRlZoPjCaE,35.20705,-106.41338
Snow Valley Mountain Resort,CA,www.snow-valley.com,1937,ChIJvaI3pDOsxIARVsTms9n1Tcc,34.22495,-117.03603
Stevens Pass,WA,www.stevenspass.com,1937,ChIJDaQL2StdkFQRZ5c7p9U5LQ8,47.74469,-121.08943
Suicide Six Ski Area,VT,www.suicidesix.com,1937,ChIJJWI57iDY4YkRX54eQvj9qpU,43.66506,-72.54327
The Summit At Snoqualmie,WA,www.summitatsnoqualmie.com,1937,ChIJAQAAwAt5mlQRLGM5bDxQQls,47.4245,-121.41613
Timberline Lodge & Ski Area,OR,www.timberlinelodge.com,1937,ChIJoxJzo6oevlQR8qSMK5G0OGc,45.33113,-121.71101
Abenaki Ski Area,NH,www.wolfeboronh.us/abenaki-ski-area,1938,ChIJfT74KQgls0wRi2FhrILqpho,43.60951,-71.22975
Alta Ski Area,UT,www.alta.com,1938,ChIJxYIVNIFwUocRaBKDOorS2RE,40.57765,-111.62396
Arizona Snowbowl,AZ,www.snowbowl.ski,1938,ChIJzdIEEHSHLYcRZ8G1XmEnbk0,35.33071,-111.70584
Cannon Mountain,NH,www.cannonmt.com,1938,ChIJf4GrJmZ8tEwRQKsl413nOhI,44.17737,-71.70182
Hoodoo Ski Area,OR,www.hoodoo.com,1938,ChIJnX2OP0w3v1QRa6S6FFt3zCg,44.40864,-121.87142
"Lost Trail Ski Area, Inc.",MT,www.losttrail.com,1938,ChIJbRVIxj4-WVMRIgLZKu8Cj6o,45.69226,-113.95207
Mt. Spokane Ski & Snowboard Park,WA,www.mtspokane.com,1938,ChIJUeCtLTTwYVMRIL3UuNGsVn8,47.92101,-117.09597
Shawnee Peak Ski Area,ME,www.shawneepeak.com,1938,ChIJXwtBEU2ss0wR6aQE2lDhGZk,44.05832,-70.81516
Wilmot Mountain,WI,www.wilmotmountain.com,1938,ChIJl8NTEawsDogRv8M0OOcc4Zw,42.49895,-88.18766
Beaver Mountain Ski Area,UT,www.skithebeav.com,1939,ChIJTT5jj-hrVIcRZx0snw1lcQE,41.96808,-111.54414
Camden Snow Bowl,ME,www.camdensnowbowl.com,1939,ChIJ4XgDy7rZrUwRTbZIf58LZqM,44.2166,-69.13456
Catamount Mountain Resort,NY,www.catamountski.com,1939,ChIJC6Lh4tGJ3YkRboInmW-ybps,42.1691,-73.47693
Laurel Mountain,PA,www.laurelmountainski.com,1939,ChIJ48rOmq0ny4kRCY9bV1qaEtU,40.16389,-79.16538
Monarch Mountain,CO,www.skimonarch.com,1939,ChIJtzbUKLpCFYcRGpheZl7SdZw,38.51206,-106.33197
Otsego Resort,MI,www.otsegoresort.com,1939,ChIJqdXOEfVFNU0R-UGdHDjp7ao,45.03164,-84.65181
Pine Mountain Ski Resort,MI,www.pinemountainresort.com,1939,ChIJ-Z6D5BdLUk0RG2D1daePxEo,45.83912,-88.08874
Ski Ward Ski Area,MA,www.skiward.com,1939,ChIJ5bIUkuIJ5IkRP4E8nFFli1Y,42.30148,-71.68298
Snow King Mountain Resort,WY,www.snowkingmountain.com,1939,ChIJ6eWS-moaU1MRHFXL-6rFYMQ,43.47281,-110.75604
Sugar Bowl Resort,CA,www.sugarbowl.com,1939,ChIJcfnrZqjpm4ARFWv6zN7M5NI,39.30516,-120.33305
Victor Constant Ski Area,NY,https://westpoint.armymwr.com/programs/victor-constant-,1939,ChIJ6zOgkx3NwokRrAq26yW51oM,41.39553,-73.98353
White Pine Ski Area,WY,www.whitepineski.com,1939,ChIJ8U6lU6fyV4cRovjSInNPnus,42.97785,-109.75866
Wolf Creek Ski Area,CO,wolfcreekski.com,1939,ChIJzbcckqIJPocR-zVp8LqNQOU,37.4722,-106.79303
Snowbasin Resort Co.,UT,www.snowbasin.com,1940,ChIJw0tLrR0IU4cRb_BqCLsctfY,41.20061,-111.86145
Winter Park Resort,CO,www.winterparkresort.com,1940,ChIJI0qcWKXKa4cRFu-NV44W0Zo,39.86278,-105.77874
Great Divide Ski Area,MT,skigd.com,1941,ChIJpz-MAhC0XFMRiWocb2MnYx0,46.75307,-112.31348
Little Switzerland,WI,www.littleswitz.com,1941,ChIJvwTq7V5aBIgRiwvvm0lShHM,43.33798,-88.27894
Willamette Pass Resort,OR,www.willamettepass.com,1941,ChIJidiNWQ4fwVQRbyYLoPrWuy4,43.60028,-122.03595
Bogus Basin Mountain Recreation Area,ID,www.bogusbasin.org,1942,ChIJI86HtAwdr1QRLr_Y1U5S_Qo,43.76428,-116.10348
"Mt. Waterman Ski Lift, LLC",CA,www.mtwaterman.org,1942,ChIJK0r8Ev_hwoARGw8qtnXtg_8,34.34931,-117.92879
Ski Cooper,CO,www.skicooper.com,1942,ChIJYbUu1wOPaocRTDe7TMTsUhE,39.3602,-106.30144
Pajarito Mountain Ski Area,NM,www.pajarito.ski,1944,ChIJcb2i2lLaGYcRZWd_of2gYws,35.89482,-106.39073
Snowhaven,ID,http://grangeville.us/snowhaven-ski-and-tubing-hill/,1944,ChIJa8zPfHjBoFQR1OfQkoHnl2Q,45.86914,-116.09037
Magic Mountain Resort,ID,www.magicmountainresort.com,1945,ChIJZcZyeWSjrFQR9aBx3A20uIM,42.18942,-114.28532
Mt. Lemmon Ski Valley,AZ,www.skithelemmon.com,1945,ChIJdW2hATgU1oYRAshnDyh0yZ0,32.4475,-110.78167
Powers Bluff Park - Wood County Parks and Forestry Department,WI,http://www.co.wood.wi.us/Departments/Parks/,1945,ChIJNzyP2TXX_4cRK9M9xXIs4Jg,44.52617,-90.06596
Sky Tavern,NV,www.skytavern.org,1945,ChIJFZVNNyJsmYARqosfF4RISB4,39.33691,-119.87252
Snow Ridge Resort,NY,www.snowridge.com,1945,ChIJNbM94bro2IkRbzfdJ5hkvSM,43.63975,-75.42012
Arapahoe Basin Ski Area,CO,www.arapahoebasin.com,1946,ChIJWd2U7rRQaocRllxVIFIp5Ts,39.63411,-105.87147
Bear Mountain Resort,CA,www.bigbearmountainresort.com,1946,ChIJ11JUbu60xIARTI9O4HIRJHw,34.22805,-116.86043
Otis Ridge,MA,www.otisridge.com,1946,ChIJsVuPbs1q54kRN8WNTwdQBvo,42.19639,-73.09833
Aspen Mountain,CO,www.aspensnowmass.com,1947,ChIJid6VYmI5QIcR-ey17iF1WfM,39.18627,-106.81821
Big Boulder Ski Area,PA,www.jfbb.com,1947,ChIJgVqQtt74xIkRHGcWvKvjZuE,41.05019,-75.60128
Boyne Mountain Resort,MI,www.boynemountain.com,1947,ChIJK41ab4-hSk0RUdnW48_X9i4,45.16406,-84.92839
Mohawk Mountain Ski Area,CT,www.mohawkmtn.com,1947,ChIJBWf5iPGE54kROUJqRalNCxQ,41.83823,-73.31506
Ski Santa Fe,NM,www.skisantafe.com,1947,ChIJDdAJ_0ZQGIcRkiBRi7X-cT0,35.79631,-105.80117
Soldier Mountain Ski Area,ID,www.soldiermountain.com,1947,ChIJcSvytcPjq1QRtJRwhLVZK4I,43.48551,-114.82938
Swain Resort,NY,www.swain.com,1947,ChIJsZModyOB0YkRRyPAXZP3_hE,42.4766,-77.85513
Whitefish Mountain Resort,MT,www.skiwhitefish.com,1947,ChIJYYdK77xuZlMRRcGgUBE1He4,48.49304,-114.34765
Bradford Ski Area,MA,www.skibradford.com,1948,ChIJSxMKkJkD44kRuDcL6y2ZpHk,42.74473,-71.05582
Jiminy Peak Mountain Resort,MA,www.jiminypeak.com,1948,ChIJpYT047JS54kRNXNRNOb_dT0,42.55565,-73.28999
Lutsen Mountains,MN,www.lutsen.com,1948,ChIJB3he27ozplIRg7QMqPDWbko,47.66371,-90.71356
Mad River Glen,VT,www.madriverglen.com,1948,ChIJO6I5jHpxtUwRB8q1KWPTWQo,44.20248,-72.91754
Mont Du Lac Resort,WI,www.mdlresort.com,1948,ChIJlav5nfA3rlIRs3om3KCUsJ8,46.65162,-92.28434
Mount Sunapee Resort,NH,www.mountsunapee.com,1948,ChIJk6-DXMPz4YkReWIDJZUN5XQ,43.3314,-72.08048
Oak Mountain,NY,www.oakmountainski.com,1948,ChIJr1e6A1kO34kRRuRKek2gjx0,43.51398,-74.36074
Arctic Valley Ski Area,AK,arcticvalley.org,1949,ChIJBfJ2ykaUyFYRro0hE32BIvs,61.23351,-149.67275
Belleayre Mountain,NY,www.belleayre.com,1949,ChIJLayhEE5f3IkRloqfwoAVHGE,42.14109,-74.50192
Buena Vista Ski Area,MN,www.bvskiarea.com,1949,ChIJL4qOsIE1uFIRppj396c4ySw,47.65802,-94.87891
Mt. Holiday,MI,www.mt-holiday.com,1949,ChIJ5zvmswzOH4gRCeAYAEtQSGI,44.74349,-85.5141
Pebble Creek Ski Area,ID,www.pebblecreekskiarea.com,1949,ChIJjaHlFJFhVYcRnVH3a22ZybY,42.77856,-112.15928
Snow Snake Ski & Golf,MI,www.snowsnake.net,1949,ChIJc3dks93nIYgRzLoywkPYKJw,43.95898,-84.7807
Palisades Tahoe (formally Squaw Valley / Alpine Meadows),CA,www.palisadestahoe.com,1949,ChIJPSaP8OzZm4ARDxeFl_CIvjA,39.19061,-120.24839
Dodge Ridge Ski Area,CA,www.dodgeridge.com,1950,ChIJA1QXJQdIl4ARjwT3jstH-Pw,38.1898,-119.95586
Hillberg Ski Area,AK,https://jberlife.com/hillberg,1950,ChIJAQAAADyWyFYROjLclSpYaeE,61.2752,-149.82081
Snow Schoolers @ Kingvale,CA,www.snowschoolers.com,1950,ChIJG_MAHWlimYARQhbFNZ29CPE,39.31334,-120.44573
Trollhaugen Winter Recreation Area,WI,www.trollhaugen.com,1950,ChIJr715ptKbslIRwKp33qDOmDk,45.35132,-92.61809
Hickory Hills,MI,www.ci.traverse-,1951,ChIJf3y4nqEyHogRLwX_bEJi_F8,44.76818,-85.66063
Maverick Mountain Resort,MT,www.skimaverick.com,1951,ChIJubFRi8mLWVMRTVFj9wnTLME,45.43392,-113.12858
Sugarloaf,ME,www.sugarloaf.com,1951,ChIJpamSYuYcsUwRz4YLzvr_vCQ,45.0541,-70.30853
Hyland Hills Ski Area,MN,www.hylandski.com,1952,ChIJffbj-6Mj9ocRRvZcYyizOWg,44.84363,-93.36361
Mt. Baldy Ski Lifts,CA,www.mtbaldyresort.com,1952,ChIJc1TA560-w4ARpvvPkEsdqe8,34.27008,-117.62191
Oglebay Resort,WV,www.oglebay-resort.com,1952,ChIJoUYyCnLQNYgRqn4nT8E41PU,40.09939,-80.6605
Pine Creek Ski Resort,WY,www.pinecreekskiresort.com,1952,ChIJqelggRS8VocRl9hU6RCCaow,42.10295,-110.8288
Sipapu Ski & Summer Resort,NM,www.sipapu.ski,1952,ChIJcb2i2lLaGYcRZWd_of2gYws,36.1542,-105.54828
Snow Summit Mountain Resort,CA,www.bigbearmountainresort.com,1952,ChIJ52d4OX-0xIARLdgn9vWEH84,34.23633,-116.88903
White Pass Ski Area,WA,www.skiwhitepass.com,1952,ChIJ44b0qw87l1QRhIFJ8VjpS98,46.63735,-121.39132
Mammoth Mountain Ski Area,CA,www.mammothmountain.com,1953,ChIJ0dOf1E4NloARFFYXnSjDqQ0,37.63889,-119.02622
Mt. Baker Ski Area,WA,www.mtbaker.us,1953,ChIJH8y59xX2hFQRoidrs5m7ThQ,48.85729,-121.66666
Buck Hill Ski & Snowboard Area,MN,www.buckhill.com,1954,ChIJ3Ro7GYk59ocRKWgYP_xfmC0,44.72484,-93.28367
Mount Snow Resort,VT,www.mountsnow.com,1954,ChIJR55j8Mz74IkRu7oTWKsZk1w,42.96788,-72.89446
Treetops Resort,MI,www.treetops.com,1954,ChIJHU0zyuRHNU0RX_7bsT3OLUI,45.03307,-84.58928
Bridger Bowl Ski Area,MT,www.bridgerbowl.com,1955,ChIJH3O8KzVrRVMRXN-EtehaMvs,45.81736,-110.89662
Heavenly Mountain Resort,NV,www.skiheavenly.com,1955,ChIJa63Vr0SQmYARmO743eBe-IE,38.92872,-119.90512
Hidden Valley Resort,PA,www.hiddenvalleyresort.com,1955,ChIJkVLwzNHWyokRu6ibMM3kuaA,40.05803,-79.25812
Jay Peak Resort,VT,www.jaypeakresort.com,1955,ChIJCV2fXC8PtkwRE0S_WO0Ctms,44.9379,-72.50477
"Taos Ski Valley, Inc.",NM,www.skitaos.com,1955,ChIJAQAA8ONqF4cR9eBKl-nFS88,36.59474,-105.45007
Burke Mountain Resort LLC,VT,www.skiburke.com,1956,ChIJY-SvngowtEwR_UJprskeGq8,44.58784,-71.91638
Crystal Mountain,MI,www.crystalmountain.com,1956,ChIJSRqp_M25kFQRaYYhply2ZxM,44.51991,-85.99218
Dartmouth Skiway,NH,www.dartmouthskiway.com,1956,ChIJrRQl7MC7tEwRw_ogpTSniaE,43.78775,-72.09954
"Mt. Holly Ski Resort, Inc.",MI,www.skimtholly.com,1956,ChIJzcWOojCdJIgRy3n7DNEXDVQ,42.83089,-83.56422
Okemo Mountain Resort,VT,www.okemo.com,1956,ChIJzxImTjE14IkRRUrlNrmxsBY,43.41041,-72.729
Ski Brule,MI,www.skibrule.com,1956,ChIJcfB8Qwv3U00RfgXoN-tUfio,46.02968,-88.70123
Smugglers' Notch Resort,VT,www.smuggs.com,1956,ChIJ05uqxVKNtUwRoyzvboa802c,44.59055,-72.78442
Wisp Resort,MD,www.wispresort.com,1956,ChIJlUW6K0GryokRtoGLdHbHdac,39.55687,-79.36345
Greek Peak Mountain Resort,NY,www.greekpeakmtnresort.com,1957,ChIJ-fbhlfNo2okRwWWpK4hfbKk,42.50859,-76.14485
Holiday Mountain Ski Area,NY,www.holidaymtn.com,1957,ChIJc-eYs8y33IkR5JFLfK4FiPo,41.6296,-74.6148
Solitude Mountain Ski Area,UT,www.solitudemountain.com,1957,ChIJv3cRQipuUocRZmsDsp0-xq8,40.61089,-111.59688
Aspen Highlands,CO,www.aspensnowmass.com,1958,ChIJ-xVY6Bo5QIcR4M1uLheeNFE,39.18201,-106.8564
Buttermilk,CO,www.aspensnowmass.com,1958,ChIJp5lZdWhERVMRt3ZdJb73hK8,39.2085,-106.858
Camp 10 Ski Area,WI,www.camp10skiandsnowboard.com,1958,ChIJi5nR6iQHVU0RC_rHAGRFDYc,45.54918,-89.50294
China Peak Mountain Resort,CA,www.skichinapeak.com,1958,ChIJVVVVVSRelIARyYeaEONT-Fc,37.23644,-119.15737
Detroit Mountain Recreation Area,MN,www.detroitmountain.com,1958,ChIJHxtSBRdIyFIR8Oo0GeGZ638,46.81309,-95.78328
Hogadon Basin Ski Area,WY,http://hogadon.net/,1958,ChIJg-Ydu-28YIcR445FjPaC9t0,42.74529,-106.339
Holiday Valley Resort,NY,www.holidayvalley.com,1958,ChIJn0kPI2CK0okRkSAe4K7ZRL4,42.26256,-78.66739
Hurricane Ridge Ski Area,WA,www.hurricaneridge.com,1958,ChIJfXjAFutKjlQRn9zPne8H-7s,47.96998,-123.49514
Killington Resort,VT,www.killington.com,1958,ChIJ2WrwuiQq4IkRvei8x3WhGxU,43.60942,-72.79677
Loup Loup Ski Bowl,WA,www.skitheloup.com,1958,ChIJ_____49dnFQRAXRV5sgYUFM,48.39436,-119.91097
Mt. Bachelor LLC,OR,www.mtbachelor.com,1958,ChIJ1wvjjK65uFQR5Uao9AwfHpo,43.98979,-121.68468
Nub's Nob Ski Area,MI,www.nubsnob.com,1958,ChIJtRpqSrmASk0RKzhP2LsfXvw,45.47148,-84.90481
Ski Plattekill,NY,www.plattekill.com,1958,ChIJedbJ1Tdn3IkRaEwPSgT63HM,42.29029,-74.65319
Sugarbush Resort,VT,www.sugarbush.com,1958,ChIJuygslXtttUwRNv8VHPNc3Hg,44.13616,-72.90786
Tyrol Basin Ski & Snowboard Area,WI,www.tyrolbasin.com,1958,ChIJUcqn1CWaB4gR5OY5KKnOGFc,43.04453,-89.78411
Whiteface Mountain,NY,www.whiteface.com,1958,ChIJX-xzhcz9ykwRRPYNIp5v8h0,44.36584,-73.9028
Alyeska Resort,AK,www.alyeskaresort.com,1959,ChIJmzNMTsxkyFYROxKD3uZQ8ks,60.96209,-149.08645
Big Rock Mountain,ME,www.bigrockmaine.com,1959,ChIJzfNEjeeppEwRj0ID4eyeHTo,46.5224,-67.82895
Chestnut Mountain Resort,IL,www.chestnutmtn.com,1959,ChIJU11faqXG4ocR9NUI8Cex8tg,42.31902,-90.39379
"Elk Mountain Ski Resort, Inc.",PA,www.elkskier.com,1959,ChIJFzGB0G0u24kR9xy2OCE26NM,41.7234,-75.55343
Hunter Mountain,NY,www.huntermtn.com,1959,ChIJPcKxHTGt3YkRGq995L0v6xY,42.20289,-74.22464
Marquette Mountain,MI,marquettemountain.com,1959,ChIJs0I18r_fUU0R9jeVnRklWwo,46.50821,-87.42081
McCauley Mtn. Ski Center,NY,www.oldforgeny.com,1959,ChIJKR_9Dk4134kR6u7lC2oa4fM,43.69823,-74.96351
Mt. La Crosse,WI,www.mtlacrosse.com,1959,ChIJC2SXhWAA_IcRyMW58Qw2e-c,43.74347,-91.18273
Powder Ridge Mountain Park & Resort,CT,www.PowderRidgePark.com,1959,ChIJnZdYMBjL54kRrPIhPrTYqA0,41.50165,-72.73645
Red River Ski & Summer Area,NM,www.redriverskiarea.com,1959,ChIJicINNfkVF4cR-lSuBk4CILA,36.70625,-105.41289
"Rotarun Ski Club, Inc.",ID,www.rotarun.org,1959,ChIJcb4IRNLVq1QR12d818YKhak,43.49738,-114.36506
Snowy Range Ski & Recreation Area,WY,www.snowyrangeski.com,1959,ChIJHxhQLseHaIcRRNlTUyh12l4,41.34122,-106.18352
Sunday River Resort,ME,www.sundayriver.com,1959,ChIJx3AGq0vbs0wRJ3La2RUI5pE,44.46841,-70.87741
Thunder Ridge Ski Area,NY,www.thunderridgeski.com,1959,ChIJCz_7hZZQ3YkRq5BywRCG3ls,41.5081,-73.58501
Antelope Butte Mountain Recreation Area,WY,antelopebuttefoundation.org,1960,ChIJORnibIY-SlMRMCjCDn1Zy_I,44.61245,-107.51452
Berkshire East Mountain Resort,MA,www.berkshireeast.com,1960,ChIJfScJ_0DQ4IkRVgkP73FIwF8,42.62115,-72.87714
Black Mountain of Maine,ME,skiblackmountain.org,1960,ChIJN2-MyCpjsUwR72dEUDNzMRo,44.57694,-70.61333
Cockaigne Resort LLC,NY,www.cockaigne.com,1960,ChIJYSeJQou50okRuCxKOVbsQZQ,42.26398,-79.16215
Mt. Abram Ski Area,ME,www.mtabram.com,1960,ChIJJ6fW8NjPs0wRHyNHGe6wQo4,44.3798,-70.70686
Mt. Brighton Ski Area,MI,www.mtbrighton.com,1960,ChIJ-1R4gYdFI4gRW-iInnEyvec,42.54083,-83.81152
Red Lodge Mountain,MT,www.redlodgemountain.com,1960,ChIJx3MXA9bXTlMRG5bdtFbrL5E,45.19081,-109.33642
Saddleback Maine,ME,www.saddlebackmaine.com,1960,ChIJc64vWlQWsUwRfk_4fKpYuW8,44.94622,-70.52708
Swiss Valley Ski & Board Area,MI,www.skiswissvalley.com,1960,ChIJ_____-8cF4gRdQDCeXFJRMg,41.9547,-85.82734
"Titus Mountain Family Ski Center, LLC",NY,www.titusmountain.com,1960,ChIJt5AeTfaTy0wRp5wV9OikoHM,44.76343,-74.23526
Turner Mountain,MT,skiturner.com,1960,ChIJW26OKRCpZlMR2-B-JXTGITo,48.60496,-115.63081
Windham Mountain,NY,windhammountain.com,1960,ChIJb2QyoItM3IkRytonaGO9LnM,42.29373,-74.25671
Breckenridge Ski Resort,CO,www.breckenridge.com,1961,ChIJ5SL_Vd71aocRHD59U1wlA8s,39.47826,-106.07232
Brundage Mountain Resort,ID,www.brundage.com,1961,ChIJ82GwIydnplQR1rmagmEftdE,45.0054,-116.15441
Cataloochee Ski Area,NC,www.cataloochee.com,1961,ChIJmcmzdUhlWYgRAxhRGkjMMI0,35.56244,-83.08996
Cochrans Ski Area,VT,www.cochranskiarea.com,1961,ChIJ125ZhAiEtUwRUSlBdQJH3tE,44.39526,-72.98213
Lost Valley Ski Area,ME,www.lostvalleyski.com,1961,ChIJQWXeIj1BskwRonY77J9MFp0,44.13607,-70.28296
Magic Mountain,VT,www.magicmtn.com,1961,ChIJR7PiRExS4IkRWBQeqBDSPsg,43.20175,-72.77256
Montana Snowbowl,MT,www.montanasnowbowl.com,1961,ChIJVVVVVbHNXVMR9gJGrj_FFfM,47.01444,-113.99957
Mt. Crescent Ski Area,IA,www.skicrescent.com,1961,ChIJVdXuh5-Zk4cRe4WMHOfYSo8,41.39421,-95.86036
Ski Apache Resort,NM,www.skiapache.com,1961,ChIJq6qqqlrX4YYRjvvF8sAJueo,33.39733,-105.78872
Snow Trails,OH,www.snowtrails.com,1961,ChIJF3pJjwrBOYgRoQZiuEskAss,40.67266,-82.50082
Song Mountain Resort,NY,www.skicny.com,1961,ChIJQYD26DgX2okRIX6HArrC0vw,42.77393,-76.15711
Sunburst Sports Park,WI,www.skisunburst.com,1961,ChIJG_Ow1etgBIgRg4dkcXsGbsA,43.49394,-88.22401
Timber Ridge Ski Area,MI,www.timberridgeski.com,1961,ChIJpa79q7lkF4gR4FgARZ4Tlyc,42.39151,-85.78095
Alpine Valley Ski Area,MI,www.skialpinevalley.com,1962,ChIJzSwIL5ChJIgRaHIq0TuXk7s,42.65297,-83.52304
Alpine Valley Ski Area,OH,www.alpinevalleyohio.com,1962,ChIJzSwIL5ChJIgRaHIq0TuXk7s,41.52912,-81.25914
Anthony Lakes,OR,www.anthonylakes.com,1962,ChIJx7YNHhejpFQRAzWMtPXwgrQ,44.96252,-118.23392
Appalachian Ski Mtn.,NC,www.appskimtn.com,1962,ChIJK-1GHO_6UIgRDd1TE4S7M4Q,36.17458,-81.66257
Cascade Mountain,WI,www.cascademountain.com,1962,ChIJ8Rq2LPUiB4gRw_54RSXj_W0,43.50372,-89.51726
Crested Butte Mountain Resort,CO,www.skicb.com,1962,ChIJO4oGmYZtQIcR-qDfkW5kg6Y,38.8991,-106.96576
Eldora Mountain Resort,CO,www.eldora.com,1962,ChIJ0x3kl8_Ga4cRYLmEslbP94Q,39.93722,-105.58268
Four Seasons Golf and Ski Center,NY,www.fourseasonsgolfandski.com,1962,ChIJzRCMfIuO2YkR1N4aZWEmATA,43.03498,-75.97187
HoliMont Ski Area,NY,www.holimont.com,1962,ChIJyWspnJiK0okRCTgy109y8H4,42.27428,-78.69233
Homewood Mountain Resort,CA,www.skihomewood.com,1962,ChIJXwBiR9p_mYARjQbBoGrEsHM,39.08558,-120.16054
King Pine Ski Area,NH,www.kingpine.com,1962,ChIJfTZ4Gm8Fs0wRrtiWTNOZuZ0,43.8679,-71.08925
Mad River Mountain,OH,www.skimadriver.com,1962,ChIJD1idsAsuP4gRdhNALDZPZZU,40.31741,-83.67886
Mt. Ski Gull,MN,www.mountskigull.com,1962,ChIJrbhRvljrtlIRLiEvF7iT9rU,46.44759,-94.37796
Ober Gatlinburg Ski Area,TN,www.obergatlinburg.com,1962,ChIJUb6IAQNVWYgR-9G1z0ppiOM,35.70243,-83.55815
Powder Ridge Ski Area,MN,www.powderridge.com,1962,ChIJnZdYMBjL54kRrPIhPrTYqA0,45.34361,-94.30522
Ski Land,AK,www.skilandfairbanks.com,1962,ChIJ08O6eLs5MlER5xxHPQDP30A,65.04588,-147.40948
Stratton,VT,www.stratton.com,1962,ChIJwcI2qQVY4IkRPgavnHe8ZK0,43.11342,-72.90814
Vail Mountain,CO,www.vail.com,1962,ChIJ29swxmBwaocRoq1FSy3Pwqc,39.60614,-106.35497
Wachusett Mountain Ski Area,MA,www.wachusett.com,1962,ChIJwWdFQDnj44kRkbhgB7-FnWI,42.50218,-71.88616
Afton Alps Ski Area,MN,www.aftonalps.com,1963,ChIJ7eyXVVHB94cRCgKdptJ7eb8,44.85766,-92.78781
Alpine Valley Resort,WI,www.alpinevalleyresort.com,1963,ChIJOcv21EySBYgRRUq9ieR9A84,42.73582,-88.42805
Arrowhead Recreation Area,NH,www.arrowheadnh.com,1963,ChIJkR4ro9fB4YkRGEPJrgtUuik,43.36328,-72.33309
Blue Knob,PA,www.blueknob.com,1963,ChIJXwnRaXijy4kRAngWuPK4x3k,40.2886,-78.56405
Boston Mills/Brandywine Ski Resort,OH,www.bmbw.com,1963,ChIJb5b8UEzeMIgRkRdkg8lxNdo,41.26483,-81.56438
Boyne Highlands Resort,MI,www.boynehighlands.com,1963,ChIJIdFIukeHSk0R1ANGoqXkdLY,45.46472,-84.92654
Camelback Resort,PA,www.skicamelback.com,1963,ChIJ7Zla6KT0xIkRsx9OB8IC2Xw,41.04923,-75.35119
Elk Ridge Ski & Outdoor Recreation Area,AZ,www.elkridgeski.com,1963,ChIJzdIEEHSHLYcRZ8G1XmEnbk0,35.21517,-112.193
June Mountain,CA,www.junemountain.com,1963,ChIJ4wNzK01qloARLb8tNWAzFq0,37.76792,-119.09063
Lee Canyon,NV,www.leecanyonlv.com,1963,ChIJq3iP5W3qyIARZ2kG9UMDr0M,36.3037,-115.67963
Meadowlark Ski Lodge,WY,www.lodgesofthebighorns.com,1963,ChIJg-Ydu-28YIcR445FjPaC9t0,44.17375,-107.21473
Park City Mountain Resort,UT,www.parkcitymountain.com,1963,ChIJ3-VdWJxyUocRr-MVIgU4Sfs,40.65886,-111.54685
Pats Peak,NH,www.patspeak.com,1963,ChIJsQtgYmUj4okR2D2Pehem2l0,43.16397,-71.79766
Pomerelle Mountain Resort,ID,www.pomerelle.com,1963,ChIJD1j7nm2KqoARHY1maR83S6c,42.31799,-113.60775
Schweitzer,ID,www.schweitzer.com,1963,ChIJh1bKvDPOY1MR7q4B15auOGs,48.37603,-116.61713
Shanty Creek Resort,MI,www.shantycreek.com,1963,ChIJ84_8RbqzSk0RcdSH1loZomw,44.94639,-85.13972
Ski Butternut,MA,www.skibutternut.com,1963,ChIJrR7E_5pn54kRPOM8QmNOkvU,42.18366,-73.32013
Ski Cloudcroft,NM,www.skicloudcroft.net,1963,ChIJBXTobOut4YYRaYeWu-kJQ38,32.95081,-105.70728
Steamboat Ski & Resort,CO,www.steamboat.com,1963,ChIJXXSu2LhuQocRI58fmBc30yI,40.4538,-106.77088
Attitash Mountain Resort,NH,www.attitash.com,1964,ChIJdwFFHP2es0wRXFbhaRumWp4,44.08277,-71.22944
Big Powderhorn Mountain Resort,MI,www.bigpowderhorn.net,1964,ChIJv06kU1rnqVIRZ7Cx0jb5ryg,46.50904,-90.09571
Boreal Mountain Resort,CA,www.rideboreal.com,1964,ChIJ04R9eIDom4ARO3QdRZT2fwE,39.33605,-120.3505
Bristol Mountain Resort,NY,www.bristolmountain.com,1964,ChIJXyC-kA8X0YkRzLRvV6PHEc8,42.74529,-77.40431
Crystal Mountain Resort,WA,www.crystalmountainresort.com,1964,ChIJSRqp_M25kFQRaYYhply2ZxM,46.9353,-121.47475
Hawksnest Snow Tubing,NC,hawksnesttubing.com,1964,ChIJgfdSvNu_UIgRvbZW0GHxvtk,35.98284,-81.89544
Maple Ski Ridge,NY,www.mapleskiridge.com,1964,ChIJpevRmlVl3okRd2XNk-KW_CQ,42.81707,-74.03231
Mount Southington Ski Area,CT,www.mountsouthington.com,1964,ChIJOZT_cHO454kRFYbpaN0vRoU,41.58254,-72.92485
Mt. Ashland,OR,www.mtashland.com,1964,ChIJzVYFSdUJz1QRe3tUMUytLzQ,42.08168,-122.70475
Mt. Rose - Ski Tahoe,NV,www.skirose.com,1964,ChIJX2yvUZxumYARnXMY9Q1xFhw,39.31514,-119.88244
Nashoba Valley Ski Area,MA,www.skinashoba.com,1964,ChIJFaQmI0WW44kRv3_NK5cH7y4,42.54258,-71.44487
Peek'n Peak Resort,NY,www.pknpk.com,1964,ChIJ4UGpFiagMogR_EZY0gu9LFM,42.06233,-79.73554
Ragged Mountain Resort,NH,www.raggedmountainresort.com,1964,ChIJtZTbOSQH4okRkRnAR8N_udc,43.48547,-71.84229
Roundtop Mountain Resort,PA,www.skiroundtop.com,1964,ChIJebcZSJnuyIkRZ3ZQOeG7E_c,40.10945,-76.92755
Whitecap Mountains Resort,WI,www.whitecapresort.com,1964,ChIJjwarDn2RqVIR0K8CoXOyNTE,46.40694,-90.39698
Woods Valley Ski Area,NY,www.woodsvalleyskiarea.com,1964,ChIJb0Rk4oIX2YkRGLH_qPWpW1U,43.30206,-75.38245
Boyce Park Ski & Tubing Area,PA,www.alleghenycounty.us/parks,1965,ChIJz1Lx7H3qNIgRg8FLQc0W5zU,40.46152,-79.74686
Brian Head Resort,UT,www.brianhead.com,1965,ChIJczdyMIOnyoAR1pyfG4riGj8,37.70211,-112.84998
Bryce Resort,VA,www.bryceresort.com,1965,ChIJnx_m5TQCtYkRS1i4G0CHM60,38.81746,-78.76569
Cannonsburg Ski Area,MI,www.cannonsburg.com,1965,ChIJm1pG5mdWGIgRSkghbVSTq40,43.05411,-85.50125
Lake City Ski Hill,CO,www.lakecityskihill.com,1965,ChIJSXvfoun_PocR__TYG2jn95g,38.01078,-107.31166
Liberty Mountain Resort,PA,www.libertymountainresort.com,1965,ChIJQQ0rSgqwyYkRfDKpYAfLHus,39.76366,-77.37546
Mountain Creek Resort,NJ,www.mountaincreek.com,1965,ChIJkfn6mQU-w4kRlUetCw30Lh4,41.19213,-74.5023
Purgatory Resort,CO,www.purgatoryresort.com,1965,ChIJhUWJTqACPIcROrGAcFJkKYI,37.62768,-107.83761
"Welch Village Ski Area, Inc.",MN,www.welchvillage.com,1965,ChIJQ0c6ZpuR94cRVQZO2yhkjbQ,44.56074,-92.73042
Yawgoo Valley Ski Area & Waterpark,RI,www.yawgoo.com,1965,ChIJR3FhCY-35YkREfairf5zJiU,41.51753,-71.52722
Angel Fire Resort,NM,www.angelfireresort.com,1966,ChIJC0BrhnFbF4cRQIh6VE1uBTs,36.38669,-105.2722
Apple Mountain,MI,www.applemountain.com,1966,ChIJ2YCO0_fPI4gRDqCa131My18,43.47101,-84.10617
Bolton Valley Resort,VT,www.boltonvalley.com,1966,ChIJ4xVMqcKatUwRvB1NjRGV5BU,44.42239,-72.85127
Diamond Peak Ski Resort,NV,www.diamondpeak.com,1966,ChIJJ663GMtxmYARl7Jf3ui-cHQ,39.25368,-119.92381
Great Bear Ski Valley,SD,www.greatbearpark.com,1966,ChIJeb7YyqC0jocR8WhbG_LSUi0,43.578,-96.66455
Jackson Hole Mountain Resort,WY,www.jacksonhole.com,1966,ChIJeWipzkIaU1MROB6YO554dn8,43.59425,-110.84372
Loon Mountain Recreation Corp.,NH,www.loonmtn.com,1966,ChIJFdzlBNeBtEwRJRWzyWWVfO8,44.05683,-71.63143
Mission Ridge Ski & Board Resort,WA,www.missionridge.com,1966,ChIJ3fffbQsvmlQRZZVbwmyCbNA,47.29247,-120.39987
Powderhorn Mountain Resort,CO,www.powderhorn.com,1966,ChIJP39Y62MuR4cRS33wxJKh1bo,39.06937,-108.15071
Sapphire Valley Ski Area,NC,www.Skisapphirevalley.com,1966,ChIJVS4pWpUEWYgR3B6Ro7AcjIc,35.12397,-83.05873
Sunlight Mountain Resort,CO,www.sunlightmtn.com,1966,ChIJfbNlFSoBQYcRTi8S5Pk39rU,39.39978,-107.33876
Villa Olivia Ski Area,IL,www.villaolivia.com,1966,ChIJr_J4k-sGD4gRg4rsAr8XKOc,42.01282,-88.22016
Waterville Valley Resort,NH,www.waterville.com,1966,ChIJVUO1NON6s0wRHiXxhgjWuCg,43.96518,-71.52791
Bear Creek Mountain Resort,PA,www.bcmountainresort.com,1967,ChIJQ_RA4p8uxIkR2IvZsX0dWGg,40.47631,-75.62558
Bear Valley Mountain,CA,www.bearvalley.com,1967,ChIJQx2CRH_9mYARW396O4zifxQ,38.49261,-120.04427
Beech Mountain Resort,NC,www.beechmountainresort.com,1967,ChIJQ4TGUyWNUIgR2hLCPRNmIs0,36.19465,-81.87801
Snowmass,CO,www.aspensnowmass.com,1967,ChIJjxt7zM1HQIcRYFVYkLuaAco,39.18952,-106.94971
Teton Pass Ski Area,MT,www.tetonpassresort.com,1967,ChIJVVVVVZKBQlMRom8Vu0-MjTE,47.92981,-112.81095
Chester Bowl,MN,www.chesterbowl.org,1968,ChIJda5zFDGtr1IRx-IG4xnTMUg,46.81353,-92.09598
Grand Geneva Resort,WI,www.grandgeneva.com,1968,ChIJLXt2OkmJBYgRb5uabXONSXQ,42.61242,-88.38614
Mt. Hood Meadows,OR,www.skihood.com,1968,ChIJLY5Ve_wJlVQR9QTsQh4lAfk,45.33176,-121.66518
Sierra-at-Tahoe,CA,www.sierraattahoe.com,1968,ChIJWzNP13CLmYAR8FM_VUU11Wg,38.80024,-120.0804
Silver Mountain Ski and Year Round Waterpark Resort!,ID,www.silvermt.com,1968,ChIJPeQe09hQYFMRRDw4JD1L57k,47.54072,-116.13317
Grand Targhee Resort,WY,www.grandtarghee.com,1969,ChIJV18CjmClU1MRZBG8zk1Or9A,43.78359,-110.9464
Proctor Ski Area,NH,www.proctornet.com,1969,ChIJ1y4NQFsE4okRhdn4MbS0MC0,43.431,-71.82605
"Ski Campgaw Management, Inc., LLC",NJ,www.Skicampgaw.com,1969,ChIJz8RBBYjhwokRHIQNs-QAfE8,41.05864,-74.19496
Ski Sawmill Family Resort,PA,www.skisawmill.com,1969,ChIJFVcnDwFKzokRNH5W3QaBPMA,41.51942,-77.28934
Ski Sundown,CT,www.skisundown.com,1969,ChIJ6U4Zinin54kRQZMsJWSiITc,41.88469,-72.9467
Sugar Mountain Resort,NC,www.skisugar.com,1969,ChIJdWuH93LtUIgRS9bpkTzjJzQ,36.13004,-81.85914
Sundance,UT,www.sundanceresort.com,1969,ChIJOwWbtaSOTYcRJxYJs-V32R8,40.39131,-111.57783
Wolf Ridge Ski Resort,NC,www.skiwolfridgenc.com,1969,ChIJd28o0S0VWogRYGZju5YTiDM,35.95473,-82.50882
Ausblick Ski Area,WI,www.ausblick.org,1970,ChIJLU1f25KsBYgRFnRov7fkAlo,43.13472,-88.26444
Campton Mountain,NH,www.camptonmountain.com,1970,ChIJXeFuMplms0wRL_iNPz5a29w,43.86822,-71.6094
Deer Mountain Ski Resort,SD,https://www.facebook.com/Deer-Mountain-Ski-Resort-,1970,ChIJq1n-TMpyUocRQi9PhFckfNg,44.30852,-103.81832
Keystone Resort,CO,www.keystoneresort.com,1970,ChIJW_aKIwJaaocRr6sP37eZJ_M,39.5817,-105.94367
"Nordic Valley Recreation, LP",UT,www.nordicvalley.com,1970,ChIJWc1FlnsKU4cRupp8KCSAfGQ,41.31036,-111.86485
Canaan Valley Resort,WV,www.canaanresort.com,1971,ChIJ__2RRojNSogRhpB30w4TSbM,39.00835,-79.43852
Cloudmont Ski,AL,www.cloudmont.com,1971,ChIJyaEdoDXTYYgRr7XQ2n4ZOrk,34.53518,-85.60311
Devil's Head Resort & Convention Center,WI,www.devilsheadresort.com,1971,ChIJk4j8Bx0UB4gRQxsj2h8yBO0,43.418,-89.6269
McIntyre Ski Area,NH,www.mcintyreskiarea.com,1971,ChIJo8JGxG1P4okREGWTtVtFSFE,43.00656,-71.44182
Mount Pleasant of Edinboro,PA,www.skimountpleasant.com,1971,ChIJ3yxRCFyKMogRyRqV_p1HKZY,41.85099,-80.07029
Quechee Ski Area,VT,www.quecheeclub.com,1971,ChIJPYle5_rMtEwR-W2eF12_bUc,43.65585,-72.44222
Royal Gorge Cross Country Ski Resort,CA,www.royalgorge.com,1971,ChIJffQhdi_om4ARJ480fiVveC8,39.31339,-120.38917
Snowbird,UT,www.snowbird.com,1971,ChIJP2yS_YVwUocRs-tKUaR3NBE,40.58108,-111.65639
49 Degree North Mountain Resort,WA,www.ski49n.com,1972,ChIJ1eQ12RRtYlMRJZGpXHthrXk,48.3011,-117.56292
Copper Mountain Resort,CO,www.coppercolorado.com,1972,ChIJ-13IpvhfaocRgbaNRB42dws,39.47901,-106.16129
Eastman  Cross Country,NH,www.eastmannh.org/ski,1972,ChIJnaQchVaIs0wRtuhyFagBAfo,44.25447,-71.437970000000007
Jack Frost Mountain,PA,www.jfbb.com,1972,ChIJY0I0LiX8xIkRPmm_iPPVEsQ,41.11001,-75.65123
Kirkwood Mountain Resort,CA,www.kirkwood.com,1972,ChIJyw_jRk3xmYARn-W118rvXYs,38.68475,-120.06517
Northstar California,CA,www.northstarcalifornia.com,1972,ChIJG_MAHWlimYARQhbFNZ29CPE,39.26466,-120.13319
Powder Mountain,UT,www.powdermountain.com,1972,ChIJhZdzk1yfU4cRJqu8U9Y8ROw,41.37896,-111.78068
Sunrise Park Resort,AZ,www.sunriseskiparkaz.com,1972,ChIJ_V3Ad8cYJocRORCx76yfhDc,33.97373,-109.56423
Tahoe Donner Ski Resort,CA,www.skitahoedonner.com,1972,ChIJl3Y6cC7nm4ARfuqsou88sT4,39.35518,-120.25903
Telluride Ski & Golf Resort,CO,www.tellurideskiresort.com,1972,ChIJn0u5JP3XPocRazD8zAjmAp0,37.91667,-107.83748
Wild Mountain,MN,www.wildmountain.com,1972,ChIJhakxztWOslIRuo0cOtjqNRs,45.48884,-92.70531
Big Sky Resort,MT,www.bigskyresort.com,1973,ChIJ8wF9ECsMUFMRdCp4xP-nHoo,45.27778,-111.41033
Bretton Woods Ski Area,NH,www.brettonwoods.com,1973,ChIJL0jakzWIs0wRRZw8v-FPqxE,44.25926,-71.46024
Discovery Ski Area,MT,www.skidiscovery.com,1973,ChIJe2dlrM2QW1MRgQ5Nd65iYJM,46.2496,-113.23843
Massanutten Resort,VA,www.massresort.com,1973,ChIJk0sNQhyLtIkRiVYdJN9J6HI,38.40675,-78.71586
Mt. Eyak Ski Area,AK,www.mteyak.org,1974,ChIJu63TDt0Yt1YRvOXb8KLYq5k,60.55,-145.74999
Pocono Ranch Lands Property Owners,PA,www.poconoranchlands.com,1974,ChIJWdUahEthw4kR0FvU6z7kczc,41.16557,-74.95507
Snowshoe,WV,www.snowshoemtn.com,1974,ChIJnVLRrblwS4gR-C3fu8CVKo0,38.40297,-79.99388
Spirit Mountain Recreation Area,MN,www.spiritmt.com,1974,ChIJ-TYDimdJrlIRgR66F005FDA,46.71827,-92.21674
Sundown Mountain Ski and Snowboard Resort,IA,www.sundownmtn.com,1974,ChIJG_HX-Xoz44cRj63ynYPDrvo,42.51633,-90.81863
Eaglecrest Ski Area,AK,www.skieaglecrest.com,1975,ChIJh46iQhX7AFQRjrrx4MqXO6g,58.27453,-134.51282
Mount Lakeridge Ski & Board Center,CT,http://lakeridgect.com/skiing,1975,ChIJzbvW9sOf54kRHBKQyPl8hec,41.87385,-73.10069
Shawnee Mountain Ski Area,PA,www.shawneemt.com,1975,ChIJ1y_jcBaExIkRq2Iwc8aKqWs,41.03967,-75.0853
Wintergreen Resort,VA,www.wintergreenresort.com,1975,ChIJYSNgOCRps4kRcde6mhbDY2c,37.91485,-78.94388
Alta Sierra Ski Resort & Terrain Park,CA,www.altasierra.com,1976,ChIJzQBvb2rTwYARA6a-L84m7FI,35.71131,-118.56026
Christie Mountain Snow Area,WI,www.christiemountain.com,1976,ChIJOSq_RPuFrFIRGcFHu_NTBMI,45.50909,-91.38082
Frost Fire Park,ND,www.frostfireskiarea.com,1976,ChIJbeqrNnu6w1IRcIMx7rB9laE,48.91199,-98.06874
Ski Big Bear at Masthope Mountain,PA,www.ski-bigbear.com,1976,ChIJSRUZuOqrxIkRxuC6qWVCUME,41.52326,-75.02506
Blue Mountain Resort,PA,www.skibluemt.com,1977,ChIJgQ_bumVFxIkRQgl7Vng8W4Y,40.81073,-75.52086
Mount Kato Ski Area,MN,www.mountkato.com,1977,ChIJa_NvC_w49IcRetDtkUG8Cqc,44.13313,-94.03337
"Paoli Peaks, Inc.",IN,www.paolipeaks.com,1978,ChIJrWRDhyahbogRzpm8bG0R1Ew,38.55559,-86.51223
Beaver Creek Resort,CO,www.beavercreek.com,1980,ChIJLUeXah54aocRLCubAYD6EBI,39.60165,-106.53161
Bluewood Ski Area,WA,www.bluewood.com,1980,ChIJB4B2PQP4oVQRnQC3XaIDJ24,46.08247,-117.85111
Kissing Bridge Corp.,NY,www.kbski.com,1980,ChIJs9thsquq04kR8r5visSNBF0,42.59984,-78.65244
"Andes Tower Hills, Inc.",MN,www.andestowerhills.com,1981,ChIJX6DS-S08ylIRncPCyc6EUw0,45.85098,-95.6305
Deer Valley Resort,UT,www.deervalley.com,1981,ChIJq1n-TMpyUocRQi9PhFckfNg,40.62261,-111.48509
Perfect North Slopes,IN,www.perfectnorth.com,1981,ChIJ3-FGn0fUQYgR44dm92UDQHo,39.15089,-84.88582
Ski Snowstar Winter Sports Park,IL,www.skisnowstar.com,1981,ChIJmyDUHw7Q44cRl3JahuRkqm0,41.4252,-90.74617
The Villas at Tree Tops and Fairway White Lightning Snow Tubing,PA,www.fernwoodresortpoconos.com,1981,ChIJ1y_jcBaExIkRq2Iwc8aKqWs,41.07792,-75.02513
Tussey Mountain Ski Area,PA,www.tusseymountain.com,1981,ChIJ4RyT6t6vzokRwhycsjVIisA,40.7692,-77.75393
Granby Ranch,CO,https://granbyranch.com/,1982,ChIJTdZHTFsuaocRkKI5V1HN_hE,40.04465,-105.90633
Hidden Valley Ski Area,MO,www.hiddenvalleyski.com,1982,ChIJV5Cn8QMp2YcRNzY4gtoO4OM,38.53532,-90.65069
Triple M-Mystical Mountain,NM,www.triplemsnowplay.com,1982,ChIJLWL7wlvR4YYRkAxqeqx4Ma0,33.39879,-105.68599
Hilltop Ski Area,AK,www.hilltopskiarea.org,1983,ChIJC4fae7CQyFYR4eYTALfVYdY,61.14085,-149.74496
The Homestead,MI,www.thehomesteadresort.com,1983,ChIJ49sjWSuRTIgRxOPHqI6dDJQ,44.91343,-85.9642
Timberline Mountain,WV,www.timberlinemountain.com,1983,ChIJs1QqTIDLSogR40KwQUFwyZE,39.04245,-79.39903
Winterplace Ski Resort,WV,www.winterplace.com,1983,ChIJsxkFCLRhTogRKgbp4t0hm2I,37.60076,-81.12278
Giants Ridge,MN,www.giantsridge.com,1984,ChIJt-ICcCtmpVIRmm-9hcfOkck,47.57652,-92.30317
Montage Mountain,PA,www.montagemountainresorts.com,1984,ChIJw77JqzbexIkRMUjdoQyPEKE,41.35124,-75.66292
Mt. Shasta Ski Park,CA,www.skipark.com,1985,ChIJJblKj6ndzVQRhWkh2j_as9Q,41.32111,-122.2035
Nordic Mountain,WI,https://www.nordicmountain.com/,1987,ChIJ_5LkMXEWAYgRGFNdVna4NOA,44.12146,-89.18128
Snow Creek Ski Area,MO,www.skisnowcreek.com,1987,ChIJVfqYrf9zwIcRQFd2IjVpk5Y,39.4673,-94.97074
The Rock Snowpark,WI,https://www.rocksnowpark.com/,1987,ChIJD_4Yyf4NBYgRwLIybqu_RPY,42.91992,-88.0158
Huff Hills Ski Area,ND,www.huffhills.com,1991,ChIJK4Q6QVGv11IRiJtWqg8vRwc,46.62742,-100.72321
Whitetail Resort,PA,www.skiwhitetail.com,1991,ChIJq97bPZ8gyokRe_rUoQ0ctTw,39.74177,-77.93331
Utah Olympic Park,UT,www.utaholympiclegacy.org,1993,ChIJv0kuJgVsUocRhFXwW7C7DYs,40.71173,-111.56186
Eagle Rock Ski Area,PA,www.eaglerockresort.com,1997,ChIJWbVg8lLaSocRaKpOgcDfBsw,40.92371,-76.1045
Seven Oaks Recreation,IA,www.sevenoaksrec.com,1997,ChIJ2VmoEqLF7YcRRayOOI2iakM,42.0307,-93.95338
"Sleepy Hollow Sports Park, Inc.",IA,www.shspdm.com,1997,ChIJ9X6N_viW7ocRPvrfvDfDOgc,41.58924,-93.53338
Yellowstone Mountain Club,MT,www.yellowstoneclub.com,1997,ChIJ67mfOKYaUFMRismCNDQ9D6I,45.2458,-111.37453
Blacktail Mountain Ski Area,MT,www.blacktailmountain.com,1998,ChIJpezpDKOrZ1MRmeI16eTOBSQ,48.01484,-114.36957
Double H Ranch,NY,www.doublehranch.org,1998,ChIJHwuAUonI34kRntglZK4KFJE,43.37571,-73.78949
Mount Bohemia,MI,www.mtbohemia.com,2000,ChIJHxtYlI-AUE0R_R_4LdJvCXA,47.38799,-88.02112
Plymouth Notch,VT,www.skithenotch.com,2001,ChIJRbj7D54y4IkREFe5g-HqYaM,43.53035,-72.73856
Silverton Mountain,CO,www.silvertonmountain.com,2001,ChIJNy2Vq0znPocRoNKdXqdoKQs,37.88461,-107.66592
Crotched Mountain Ski & Ride,NH,www.crotchedmtn.com,2003,ChIJCRctFOcr4okRBcF00w3Q6eA,43.01201,-71.87887
Granite Gorge Ski Area,NH,www.granitegorge.com,2003,ChIJJ058vEN24YkRrwyDJLqKO1k,42.97098,-72.21204
Tamarack Resort,ID,www.tamarackidaho.com,2004,ChIJITQobPMMloARg1yJlqcA3gs,44.6726,-116.11587
Echo Mountain,CO,www.echomntn.com,2005,ChIJzbHHtRWka4cRHVvJYLPxXG0,39.68458,-105.51939
Liberty Mountain Snowflex Centre,VA,www.liberty.edu/snowflex,2009,ChIJZRlhSvbasokRj57UkAsTq8Q,37.35279,-79.16671
Eagle Point Resort,UT,www.eaglepointresort.com,2010,ChIJWbVg8lLaSocRaKpOgcDfBsw,38.32032,-112.38386
Frisco Adventure Park,CO,www.townoffrisco.com,2011,ChIJpw9L_bleaocRiG8yQhfXrAc,39.57411,-106.07766
Cherry Peak Resort,UT,www.skicpr.com,2015,ChIJs78Fw7VmVIcRzANEdcnJq1g,41.92635,-111.75641
Gateway Hills Snow Park,NH,www.gatewayhillssnowpark.com,2016,ChIJ3a1vUiCrr1QRLCtv2VHJgV8,42.71472,-71.45277
Bluebird Backcountry,CO,www.bluebirdbackcountry.com,2018,ChIJT-4LBaMRUFMRGqtEgD55h9w,40.3666,-106.53585
Big SNOW American Dream,NJ,https://www.bigsnowamericandream.com/,2019,ChIJpwurocz5wokRmXKGrhZRf8E,40.8095,-74.07114
Woodward Park City,UT,woodwardparkcity.com,2019,ChIJGczoMnZpUocRpYHSi5OOSHk,40.75451,-111.58564
Hatcher Alpine Xperience dba Skeetawk Ski Area,AK,www.skeetawk.com,2020,ChIJWfRALzgiyVYRtRqODdXFCBE,61.74371,-149.23397
The Balsams Resort,NH,www.thebalsamsresort.com,2020,ChIJ34XkrYUJSk0RP75sqelZvuM,45.86873,-84.79784
Hoedown Hill,CO,https://raindanceresort.com/hoedown-hill/,2023,ChIJxYD3uiyvbocR4m_HaqKPlPk,40.45207,-104.93132
Thrill Hills,ND,www.skithrillhills.com,2023,ChIJvxFQ6_U1zlIROBF_iMXhHOw,46.53203,-97.9356
